cliente;email;telefono;clave;direccion;comuna
Agustin Matte;Agustin.Matte@bbdduc.utopia;56911904638;JQMUGFRS73;Calle Estado 456, Santiago Centro;13101
Agustin Matte;Agustin.Matte@bbdduc.utopia;56911904638;JQMUGFRS73;Av. Alemania 456, Temuco;9101
Agustin Reyes;Agustin.Reyes@bbdduc.utopia;56972317149;SFCGUHRR74;Calle Prat 789, Iquique;1101
Agustin Reyes;Agustin.Reyes@bbdduc.utopia;56972317149;SFCGUHRR74;Av. Alemania 789, Temuco;9101
Alejandro Benitez;Alejandro.Benitez@bbdduc.utopia;56948349144;NADGGMGN83;Av. Las Condes 789, Las Condes, Santiago;13114
Alejandro Benitez;Alejandro.Benitez@bbdduc.utopia;56948349144;NADGGMGN83;Calle Maintencion 789, Maintencillo;5602
Alejandro Benitez;Alejandro.Benitez@bbdduc.utopia;56948349144;NADGGMGN83;Av. Grecia 789, Nunoa, Santiago;13120
Alejandro Benitez;Alejandro.Benitez@bbdduc.utopia;56948349144;NADGGMGN83;Av. Libertador 123, Vina del Mar;5109
Alejandro Daroca;Alejandro.Daroca@bbdduc.utopia;56969171652;TAOVJQJH93;Av. OHiggins 123, Rancagua;6101
Alejandro Sierra;Alejandro.Sierra@bbdduc.utopia;56953951328;DQJGQVPX81;Av. Apoquindo 456, Las Condes, Santiago;13114
Alejandro Sierra;Alejandro.Sierra@bbdduc.utopia;56953951328;DQJGQVPX81;Calle Larga 789, Los Andes;5301
Alejandro Sierra;Alejandro.Sierra@bbdduc.utopia;56953951328;DQJGQVPX81;Calle Larga 789, Los Andes;5301
Alejandro Vicencio;Alejandro.Vicencio@bbdduc.utopia;56938142982;ADKLCEIF71;Av. Apoquindo 456, Las Condes, Santiago;13114
Alejandro Vicencio;Alejandro.Vicencio@bbdduc.utopia;56938142982;ADKLCEIF71;Av. Grecia 456, Nunoa, Santiago;13120
Alfredo Catalan;Alfredo.Catalan@bbdduc.utopia;56953813429;VLLDNFCW84;Av. Kennedy 456, Las Condes, Santiago;13114
Alfredo Catalan;Alfredo.Catalan@bbdduc.utopia;56953813429;VLLDNFCW84;Av. Apoquindo 456, Las Condes, Santiago;13114
Alfredo Catalan;Alfredo.Catalan@bbdduc.utopia;56953813429;VLLDNFCW84;Av. Apoquindo 456, Las Condes, Santiago;13114
Alfredo Catalan;Alfredo.Catalan@bbdduc.utopia;56953813429;VLLDNFCW84;Av. Alemania 123, Temuco;9101
Alfredo Catalan;Alfredo.Catalan@bbdduc.utopia;56953813429;VLLDNFCW84;Av. Vitacura 456, Vitacura, Santiago;13132
Alonso Valladares;Alonso.Valladares@bbdduc.utopia;56973662532;RIHZWLYZ84;Av. Colon 123, Antofagasta;2101
Alonso Valladares;Alonso.Valladares@bbdduc.utopia;56973662532;RIHZWLYZ84;Calle Prat 123, Iquique;1101
Alonso Valladares;Alonso.Valladares@bbdduc.utopia;56973662532;RIHZWLYZ84;Av. San Juan 202, Machali;6108
Alonso Valladares;Alonso.Valladares@bbdduc.utopia;56973662532;RIHZWLYZ84;Av. Las Parcelas 1234, Macul, Santiago;13118
Alonso Valladares;Alonso.Valladares@bbdduc.utopia;56973662532;RIHZWLYZ84;Calle Estado 456, Santiago Centro;13101
Alonso Valladares;Alonso.Valladares@bbdduc.utopia;56973662532;RIHZWLYZ84;Calle Viel 123, Vina del Mar;5109
Alonso Valladares;Alonso.Valladares@bbdduc.utopia;56973662532;RIHZWLYZ84;Calle Viel 456, Vina del Mar;5109
Alonso Zanni;Alonso.Zanni@bbdduc.utopia;56994570022;IEBVNYXI43;Calle Estado 456, Santiago Centro;13101
Alonso Zanni;Alonso.Zanni@bbdduc.utopia;56994570022;IEBVNYXI43;Calle Estado 789, Santiago Centro;13101
Alonso Zanni;Alonso.Zanni@bbdduc.utopia;56994570022;IEBVNYXI43;Av. Alemania 789, Temuco;9101
Alonso Zanni;Alonso.Zanni@bbdduc.utopia;56994570022;IEBVNYXI43;Av. San Jose Maria Escriva de Balaguer 5970, Vitacura, Santiago;13132
Andrea Guevara;Andrea.Guevara@bbdduc.utopia;56920906448;KFDOYAQS32;Av. Las Condes 123, Las Condes, Santiago;13114
Andrea Guevara;Andrea.Guevara@bbdduc.utopia;56920906448;KFDOYAQS32;Calle Maintencion 123, Maintencillo;5602
Andrea Guevara;Andrea.Guevara@bbdduc.utopia;56920906448;KFDOYAQS32;Av. Alemania 456, Temuco;9101
Andrea Moya;Andrea.Moya@bbdduc.utopia;56924197128;ORWQDFOJ71;Calle Prat 789, Iquique;1101
Andrea Moya;Andrea.Moya@bbdduc.utopia;56924197128;ORWQDFOJ71;Av. Apoquindo 123, Las Condes, Santiago;13114
Andrea Renftel;Andrea.Renftel@bbdduc.utopia;56982568099;WKYSPBCM79;Calle Prat 456, Iquique;1101
Andrea Renftel;Andrea.Renftel@bbdduc.utopia;56982568099;WKYSPBCM79;Av. Grecia 789, Nunoa, Santiago;13120
Andrea Videla;Andrea.Videla@bbdduc.utopia;56950618151;WVSVGUEE64;Calle Prat 123, Iquique;1101
Andrea Videla;Andrea.Videla@bbdduc.utopia;56950618151;WVSVGUEE64;Av. Las Condes 789, Las Condes, Santiago;13114
Andres Balzan;Andres.Balzan@bbdduc.utopia;56952442400;TKWWHWKO40;Calle Prat 123, Iquique;1101
Andres Barrera;Andres.Barrera@bbdduc.utopia;56970163398;BRQSGRRG39;Av. Las Condes 123, Las Condes, Santiago;13114
Andres Barrera;Andres.Barrera@bbdduc.utopia;56970163398;BRQSGRRG39;Calle Larga 456, Los Andes;5301
Andres Barrera;Andres.Barrera@bbdduc.utopia;56970163398;BRQSGRRG39;Calle Maintencion 123, Maintencillo;5602
Andres Barrera;Andres.Barrera@bbdduc.utopia;56970163398;BRQSGRRG39;Av. Libertador 123, Vina del Mar;5109
Andres Benavides;Andres.Benavides@bbdduc.utopia;56990161158;OXSMRDNJ12;Calle Prat 123, Iquique;1101
Andres Benavides;Andres.Benavides@bbdduc.utopia;56990161158;OXSMRDNJ12;Av. Grecia 456, Nunoa, Santiago;13120
Andres Cortes;Andres.Cortes@bbdduc.utopia;56960848445;PDOXXLPX97;Calle Prat 456, Iquique;1101
Andres Cortes;Andres.Cortes@bbdduc.utopia;56960848445;PDOXXLPX97;Calle Larga 789, Los Andes;5301
Andres Cortes;Andres.Cortes@bbdduc.utopia;56960848445;PDOXXLPX97;Av. OHiggins 789, Rancagua;6101
Andres Cortes;Andres.Cortes@bbdduc.utopia;56960848445;PDOXXLPX97;Av. Vitacura 456, Vitacura, Santiago;13132
Andres Gallardo;Andres.Gallardo@bbdduc.utopia;56987751736;JNAKMRKL13;Calle Prat 789, Iquique;1101
Andres Gallardo;Andres.Gallardo@bbdduc.utopia;56987751736;JNAKMRKL13;Calle Larga 789, Los Andes;5301
Andres Mendez;Andres.Mendez@bbdduc.utopia;56945479777;RJQIXKTP45;Av. Grecia 789, Nunoa, Santiago;13120
Andres Mendez;Andres.Mendez@bbdduc.utopia;56945479777;RJQIXKTP45;Av. Vitacura 456, Vitacura, Santiago;13132
Andres Meza;Andres.Meza@bbdduc.utopia;56918693660;FCQSQMBZ95;Calle Prat 123, Iquique;1101
Andres Meza;Andres.Meza@bbdduc.utopia;56918693660;FCQSQMBZ95;Calle Estado 456, Santiago Centro;13101
Andres Montt;Andres.Montt@bbdduc.utopia;56948744007;QAJNFGOW94;Calle Estado 789, Santiago Centro;13101
Andres Ramirez;Andres.Ramirez@bbdduc.utopia;56916929795;XBMEENCU58;Av. Grecia 123, Nunoa, Santiago;13120
Andres Ramirez;Andres.Ramirez@bbdduc.utopia;56916929795;XBMEENCU58;Calle Viel 789, Vina del Mar;5109
Andres Reinhardt;Andres.Reinhardt@bbdduc.utopia;56964549056;BJIWZQTW63;Calle San Antonio 789, San Antonio;5601
Andres Saavedra;Andres.Saavedra@bbdduc.utopia;56937385754;QCUMKMGG62;Av. Apoquindo 789, Las Condes, Santiago;13114
Andres Saavedra;Andres.Saavedra@bbdduc.utopia;56937385754;QCUMKMGG62;Av. Alemania 456, Temuco;9101
Andres Sanchez;Andres.Sanchez@bbdduc.utopia;56949344433;YENSNRNO61;Calle Larga 789, Los Andes;5301
Andres Sanchez;Andres.Sanchez@bbdduc.utopia;56949344433;YENSNRNO61;Av. Alemania 456, Temuco;9101
Angeles Castro;Angeles.Castro@bbdduc.utopia;56959299328;ULRXDGYB17;Av. Apoquindo 123, Las Condes, Santiago;13114
Angeles Monzon;Angeles.Monzon@bbdduc.utopia;56997824629;GDPIPZUA18;Av. Vitacura 456, Vitacura, Santiago;13132
Antonella Roncagliolo;Antonella.Roncagliolo@bbdduc.utopia;56919543513;LDFDVPCM10;Av. Recoleta 456, Huechuraba, Santiago;13107
Antonella Roncagliolo;Antonella.Roncagliolo@bbdduc.utopia;56919543513;LDFDVPCM10;Av. Las Condes 789, Las Condes, Santiago;13114
Antonella Roncagliolo;Antonella.Roncagliolo@bbdduc.utopia;56919543513;LDFDVPCM10;Calle Maintencion 456, Maintencillo;5602
Antonella Roncagliolo;Antonella.Roncagliolo@bbdduc.utopia;56919543513;LDFDVPCM10;Av. Grecia 456, Nunoa, Santiago;13120
Antonella Roncagliolo;Antonella.Roncagliolo@bbdduc.utopia;56919543513;LDFDVPCM10;Av. Grecia 456, Nunoa, Santiago;13120
Antonella Roncagliolo;Antonella.Roncagliolo@bbdduc.utopia;56919543513;LDFDVPCM10;Av. OHiggins 456, Rancagua;6101
Antonella Roncagliolo;Antonella.Roncagliolo@bbdduc.utopia;56919543513;LDFDVPCM10;Av. Alemania 123, Temuco;9101
Antonella Roncagliolo;Antonella.Roncagliolo@bbdduc.utopia;56919543513;LDFDVPCM10;Calle Viel 456, Vina del Mar;5109
Antonio Larrain;Antonio.Larrain@bbdduc.utopia;56986608501;ZYBJKZIU10;Av. Apoquindo 456, Las Condes, Santiago;13114
Antonio Meneghini;Antonio.Meneghini@bbdduc.utopia;56946929895;LLJOQOVV50;Calle Larga 456, Los Andes;5301
Antonio Meneghini;Antonio.Meneghini@bbdduc.utopia;56946929895;LLJOQOVV50;Calle Larga 456, Los Andes;5301
Antonio Moreno;Antonio.Moreno@bbdduc.utopia;56952471970;TSNKEMFC69;Av. Las Condes 456, Las Condes, Santiago;13114
Antonio Rivera;Antonio.Rivera@bbdduc.utopia;56994087603;JTWDPFHP41;Av. Colon 123, Antofagasta;2101
Antonio Rivera;Antonio.Rivera@bbdduc.utopia;56994087603;JTWDPFHP41;Calle Prat 123, Iquique;1101
Antonio Rivera;Antonio.Rivera@bbdduc.utopia;56994087603;JTWDPFHP41;Calle Larga 789, Los Andes;5301
Antonio Rivera;Antonio.Rivera@bbdduc.utopia;56994087603;JTWDPFHP41;Av. Grecia 123, Nunoa, Santiago;13120
Antonio Rivera;Antonio.Rivera@bbdduc.utopia;56994087603;JTWDPFHP41;Calle Estado 789, Santiago Centro;13101
Antonio Smith;Antonio.Smith@bbdduc.utopia;56910621964;SFMLYEPN70;Av. Apoquindo 456, Las Condes, Santiago;13114
Antonio Smith;Antonio.Smith@bbdduc.utopia;56910621964;SFMLYEPN70;Calle Larga 789, Los Andes;5301
Belen Torres;Belen.Torres@bbdduc.utopia;56957962597;JJROZCZD53;Av. Colon 789, Antofagasta;2101
Belen Torres;Belen.Torres@bbdduc.utopia;56957962597;JJROZCZD53;Av. Apoquindo 456, Las Condes, Santiago;13114
Belen Torres;Belen.Torres@bbdduc.utopia;56957962597;JJROZCZD53;Av. Apoquindo 123, Las Condes, Santiago;13114
Belen Torres;Belen.Torres@bbdduc.utopia;56957962597;JJROZCZD53;Av. Apoquindo 123, Las Condes, Santiago;13114
Belen Torres;Belen.Torres@bbdduc.utopia;56957962597;JJROZCZD53;Av. Grecia 456, Nunoa, Santiago;13120
Carina Duran;Carina.Duran@bbdduc.utopia;56940377887;VKDGDSCI84;Calle Maintencion 456, Maintencillo;5602
Carina Duran;Carina.Duran@bbdduc.utopia;56940377887;VKDGDSCI84;Av. OHiggins 789, Rancagua;6101
Diaz Barrera;Diaz.Barrera@bbdduc.utopia;56979797000;TJPRYLFO57;Av. Apoquindo 123, Las Condes, Santiago;13114
Diaz Barrera;Diaz.Barrera@bbdduc.utopia;56979797000;TJPRYLFO57;Av. Grecia 789, Nunoa, Santiago;13120
Diaz Barrera;Diaz.Barrera@bbdduc.utopia;56979797000;TJPRYLFO57;Calle Estado 456, Santiago Centro;13101
Diego Fernandez;Diego.Fernandez@bbdduc.utopia;56984559741;HKZBAUXP50;Calle Maintencion 456, Maintencillo;5602
Diego Fernandez;Diego.Fernandez@bbdduc.utopia;56984559741;HKZBAUXP50;Av. Grecia 789, Nunoa, Santiago;13120
Diego Fernandez;Diego.Fernandez@bbdduc.utopia;56984559741;HKZBAUXP50;Calle Estado 456, Santiago Centro;13101
Diego Fernandez;Diego.Fernandez@bbdduc.utopia;56984559741;HKZBAUXP50;Calle Viel 456, Vina del Mar;5109
Domingo Carvajal;Domingo.Carvajal@bbdduc.utopia;56979003476;EFMMFQHK67;Av. Apoquindo 789, Las Condes, Santiago;13114
Domingo Carvajal;Domingo.Carvajal@bbdduc.utopia;56979003476;EFMMFQHK67;Av. Libertador 123, Rancagua;6101
Eduardo Behrens;Eduardo.Behrens@bbdduc.utopia;56986067376;QMYGZHBX37;Av. OHiggins 123, Rancagua;6101
Eduardo Behrens;Eduardo.Behrens@bbdduc.utopia;56986067376;QMYGZHBX37;Calle Estado 789, Santiago Centro;13101
Eduardo Behrens;Eduardo.Behrens@bbdduc.utopia;56986067376;QMYGZHBX37;Calle Estado 456, Santiago Centro;13101
Eduardo Bustos;Eduardo.Bustos@bbdduc.utopia;56982296886;IHGPJQJT37;Av. Colon 789, Antofagasta;2101
Eduardo Bustos;Eduardo.Bustos@bbdduc.utopia;56982296886;IHGPJQJT37;Av. OHiggins 789, Rancagua;6101
Eduardo Bustos;Eduardo.Bustos@bbdduc.utopia;56982296886;IHGPJQJT37;Calle Estado 123, Santiago Centro;13101
Eduardo Cortez;Eduardo.Cortez@bbdduc.utopia;56919173831;UPCEULWZ31;Av. San Juan 202, Machali;6108
Eduardo Cortez;Eduardo.Cortez@bbdduc.utopia;56919173831;UPCEULWZ31;Calle Viel 456, Vina del Mar;5109
Eduardo Gonzalez;Eduardo.Gonzalez@bbdduc.utopia;56980225681;TNSZDDIV86;Av. Apoquindo 123, Las Condes, Santiago;13114
Eduardo Gonzalez;Eduardo.Gonzalez@bbdduc.utopia;56980225681;TNSZDDIV86;Av. OHiggins 456, Rancagua;6101
Eduardo Osorio;Eduardo.Osorio@bbdduc.utopia;56929888277;BUNMEPQZ18;Calle Larga 123, Los Andes;5301
Eduardo Osorio;Eduardo.Osorio@bbdduc.utopia;56929888277;BUNMEPQZ18;Calle San Antonio 456, San Antonio;5601
Eduardo Osorio;Eduardo.Osorio@bbdduc.utopia;56929888277;BUNMEPQZ18;Av. Providencia 456, Las Condes, Santiago;13114
Eduardo Vilches;Eduardo.Vilches@bbdduc.utopia;56931609717;EYBSHXCC41;Av. Apoquindo 789, Las Condes, Santiago;13114
Eduardo Vilches;Eduardo.Vilches@bbdduc.utopia;56931609717;EYBSHXCC41;Av. Las Condes 789, Las Condes, Santiago;13114
Eduardo Vilches;Eduardo.Vilches@bbdduc.utopia;56931609717;EYBSHXCC41;Av. Grecia 123, Nunoa, Santiago;13120
Eduardo Vilches;Eduardo.Vilches@bbdduc.utopia;56931609717;EYBSHXCC41;Av. Alemania 456, Temuco;9101
Eduardo Wood;Eduardo.Wood@bbdduc.utopia;56935753575;TFCGTJVR58;Av. Colon 123, Antofagasta;2101
Eduardo Wood;Eduardo.Wood@bbdduc.utopia;56935753575;TFCGTJVR58;Calle Estado 123, Santiago Centro;13101
Elena Alarcon;Elena.Alarcon@bbdduc.utopia;56913400258;FSVHRPAT95;Av. Colon 789, Antofagasta;2101
Elena Alarcon;Elena.Alarcon@bbdduc.utopia;56913400258;FSVHRPAT95;Av. Alemania 789, Temuco;9101
Elena Cintolesi;Elena.Cintolesi@bbdduc.utopia;56994912598;LCFPEUDJ61;Av. Alemania 456, Temuco;9101
Elena Morales;Elena.Morales@bbdduc.utopia;56991800035;XHXSQNOR32;Av. Las Condes 789, Las Condes, Santiago;13114
Elena Morales;Elena.Morales@bbdduc.utopia;56991800035;XHXSQNOR32;Av. Grecia 456, Nunoa, Santiago;13120
Elena Morales;Elena.Morales@bbdduc.utopia;56991800035;XHXSQNOR32;Calle San Antonio 789, San Antonio;5601
Elias Santibanez;Elias.Santibanez@bbdduc.utopia;56926960527;ZQRXFHFM74;Calle Maintencion 123, Maintencillo;5602
Elias Santibanez;Elias.Santibanez@bbdduc.utopia;56926960527;ZQRXFHFM74;Calle Viel 456, Vina del Mar;5109
Elias Santibanez;Elias.Santibanez@bbdduc.utopia;56926960527;ZQRXFHFM74;Av. San Jose Maria Escriva de Balaguer 5970, Vitacura, Santiago;13132
Enoc Asenjo;Enoc.Asenjo@bbdduc.utopia;56941158099;VVBMOMFX32;Calle San Pablo 789, La Cisterna, Santiago;13109
Enoc Asenjo;Enoc.Asenjo@bbdduc.utopia;56941158099;VVBMOMFX32;Av. OHiggins 789, Rancagua;6101
Enoc Asenjo;Enoc.Asenjo@bbdduc.utopia;56941158099;VVBMOMFX32;Av. OHiggins 123, Rancagua;6101
Enrique Costa;Enrique.Costa@bbdduc.utopia;56944727920;KJXDCTDA49;Av. Apoquindo 789, Las Condes, Santiago;13114
Enrique Costa;Enrique.Costa@bbdduc.utopia;56944727920;KJXDCTDA49;Calle Estado 789, Santiago Centro;13101
Enrique Mingo;Enrique.Mingo@bbdduc.utopia;56975491767;DXASOBIP90;Calle Larga 789, Los Andes;5301
Enrique Mingo;Enrique.Mingo@bbdduc.utopia;56975491767;DXASOBIP90;Av. Grecia 789, Nunoa, Santiago;13120
Enrique Reyes;Enrique.Reyes@bbdduc.utopia;56992916965;TVIDOCBW91;Av. Colon 123, Antofagasta;2101
Enrique Reyes;Enrique.Reyes@bbdduc.utopia;56992916965;TVIDOCBW91;Av. Las Condes 789, Las Condes, Santiago;13114
Enrique Reyes;Enrique.Reyes@bbdduc.utopia;56992916965;TVIDOCBW91;Av. Grecia 456, Nunoa, Santiago;13120
Ernst Bustos;Ernst.Bustos@bbdduc.utopia;56990556669;DJWMAAZF15;Av. Vitacura 456, Vitacura, Santiago;13132
Esteban Marshall;Esteban.Marshall@bbdduc.utopia;56955449517;CZCHIXXH79;Av. Las Condes 789, Las Condes, Santiago;13114
Esteban Marshall;Esteban.Marshall@bbdduc.utopia;56955449517;CZCHIXXH79;Av. Grecia 456, Nunoa, Santiago;13120
Esteban Marshall;Esteban.Marshall@bbdduc.utopia;56955449517;CZCHIXXH79;Av. Vitacura 123, Vitacura, Santiago;13132
Florencia Torres;Florencia.Torres@bbdduc.utopia;56932303710;YZQNUIBX47;Av. Grecia 123, Nunoa, Santiago;13120
Francisca Ancic;francisca.ancic@uc.cl;56982736498;DCCBasesDe;Av. Apoquindo 123, Las Condes, Santiago;13114
Francisca Ancic;francisca.ancic@uc.cl;56982736498;DCCBasesDe;Calle Estado 789, Santiago Centro;13101
Francisca Ancic;francisca.ancic@uc.cl;56982736498;DCCBasesDe;Calle Estado 789, Santiago Centro;13101
Giuseppe Horta;Giuseppe.Horta@bbdduc.utopia;56946663788;OBUKBXNV87;Av. Las Condes 123, Las Condes, Santiago;13114
Giuseppe Horta;Giuseppe.Horta@bbdduc.utopia;56946663788;OBUKBXNV87;Av. Apoquindo 123, Las Condes, Santiago;13114
Giuseppe Horta;Giuseppe.Horta@bbdduc.utopia;56946663788;OBUKBXNV87;Calle San Antonio 789, San Antonio;5601
Giuseppe Horta;Giuseppe.Horta@bbdduc.utopia;56946663788;OBUKBXNV87;Calle Estado 123, Santiago Centro;13101
Giuseppe Horta;Giuseppe.Horta@bbdduc.utopia;56946663788;OBUKBXNV87;Calle Viel 456, Vina del Mar;5109
Giuseppe Horta;Giuseppe.Horta@bbdduc.utopia;56946663788;OBUKBXNV87;Av. Vitacura 123, Vitacura, Santiago;13132
Humberto Hormann;Humberto.Hormann@bbdduc.utopia;56922739885;IRGIXRUF55;Av. Grecia 123, Nunoa, Santiago;13120
Humberto Hormann;Humberto.Hormann@bbdduc.utopia;56922739885;IRGIXRUF55;Av. OHiggins 789, Rancagua;6101
Humberto Hormann;Humberto.Hormann@bbdduc.utopia;56922739885;IRGIXRUF55;Av. Alemania 123, Temuco;9101
Humberto Hormann;Humberto.Hormann@bbdduc.utopia;56922739885;IRGIXRUF55;Calle Viel 456, Vina del Mar;5109
Ignacia Greene;Ignacia.Greene@bbdduc.utopia;56950298097;KIIWHWBM22;Av. OHiggins 789, Rancagua;6101
Ignacia Oyarzun;Ignacia.Oyarzun@bbdduc.utopia;56974715554;LUVWRWSK86;Calle Viel 123, Vina del Mar;5109
Ignacia Rolando;Ignacia.Rolando@bbdduc.utopia;56975853566;BFMTFREO37;Av. Grecia 456, Nunoa, Santiago;13120
Ignacia Rolando;Ignacia.Rolando@bbdduc.utopia;56975853566;BFMTFREO37;Av. Vitacura 456, Vitacura, Santiago;13132
Ignacia Ruiz;Ignacia.Ruiz@bbdduc.utopia;56950030575;CCPAQWPN84;Calle Maintencion 123, Maintencillo;5602
Ignacia Ruiz;Ignacia.Ruiz@bbdduc.utopia;56950030575;CCPAQWPN84;Av. Grecia 456, Nunoa, Santiago;13120
Ignacia Ruiz;Ignacia.Ruiz@bbdduc.utopia;56950030575;CCPAQWPN84;Av. OHiggins 789, Rancagua;6101
Ignacio Alvarado;Ignacio.Alvarado@bbdduc.utopia;56964674648;TGTCVQWP46;Av. San Juan 202, Machali;6108
Ignacio Alvarado;Ignacio.Alvarado@bbdduc.utopia;56964674648;TGTCVQWP46;Av. Grecia 456, Nunoa, Santiago;13120
Ignacio Alvarado;Ignacio.Alvarado@bbdduc.utopia;56964674648;TGTCVQWP46;Av. Grecia 456, Nunoa, Santiago;13120
Ignacio Alvarado;Ignacio.Alvarado@bbdduc.utopia;56964674648;TGTCVQWP46;Calle Viel 123, Vina del Mar;5109
Ignacio Arias;Ignacio.Arias@bbdduc.utopia;56942112726;JZYGCPSN17;Calle Maintencion 456, Maintencillo;5602
Ignacio Arias;Ignacio.Arias@bbdduc.utopia;56942112726;JZYGCPSN17;Calle Estado 789, Santiago Centro;13101
Ignacio Arias;Ignacio.Arias@bbdduc.utopia;56942112726;JZYGCPSN17;Calle Estado 789, Santiago Centro;13101
Ignacio Arias;Ignacio.Arias@bbdduc.utopia;56942112726;JZYGCPSN17;Calle Viel 789, Vina del Mar;5109
Ignacio Arias;Ignacio.Arias@bbdduc.utopia;56942112726;JZYGCPSN17;Calle Viel 789, Vina del Mar;5109
Ignacio Conejeros;Ignacio.Conejeros@bbdduc.utopia;56996425322;HTTBPQES86;Calle San Antonio 789, San Antonio;5601
Ignacio Conejeros;Ignacio.Conejeros@bbdduc.utopia;56996425322;HTTBPQES86;Calle Estado 789, Santiago Centro;13101
Ignacio Conejeros;Ignacio.Conejeros@bbdduc.utopia;56996425322;HTTBPQES86;Av. Alemania 123, Temuco;9101
Ignacio Conejeros;Ignacio.Conejeros@bbdduc.utopia;56996425322;HTTBPQES86;Av. Vitacura 789, Vitacura, Santiago;13132
Ignacio Gonzalez;Ignacio.Gonzalez@bbdduc.utopia;56939915678;JCKVSHCJ13;Av. Apoquindo 123, Las Condes, Santiago;13114
Ignacio Gonzalez;Ignacio.Gonzalez@bbdduc.utopia;56939915678;JCKVSHCJ13;Av. Grecia 789, Nunoa, Santiago;13120
Ignacio Gonzalez;Ignacio.Gonzalez@bbdduc.utopia;56939915678;JCKVSHCJ13;Av. Grecia 456, Nunoa, Santiago;13120
Ignacio Gonzalez;Ignacio.Gonzalez@bbdduc.utopia;56939915678;JCKVSHCJ13;Calle Estado 123, Santiago Centro;13101
Ignacio Lopez;Ignacio.Lopez@bbdduc.utopia;56929374838;HIQQWOOX17;Av. Colon 789, Antofagasta;2101
Ignacio Mellado;Ignacio.Mellado@bbdduc.utopia;56929043134;GHZTVCGO25;Av. Colon 123, Antofagasta;2101
Ignacio Mellado;Ignacio.Mellado@bbdduc.utopia;56929043134;GHZTVCGO25;Av. Apoquindo 123, Las Condes, Santiago;13114
Ignacio Munoz;Ignacio.Munoz@bbdduc.utopia;56940880991;LJQFCSTI65;Av. Las Condes 123, Las Condes, Santiago;13114
Ignacio Munoz;Ignacio.Munoz@bbdduc.utopia;56940880991;LJQFCSTI65;Av. Grecia 789, Nunoa, Santiago;13120
Ignacio Munoz;Ignacio.Munoz@bbdduc.utopia;56940880991;LJQFCSTI65;Calle San Antonio 789, San Antonio;5601
Ignacio Munoz;Ignacio.Munoz@bbdduc.utopia;56940880991;LJQFCSTI65;Calle Viel 123, Vina del Mar;5109
Ignacio Munoz;Ignacio.Munoz@bbdduc.utopia;56940880991;LJQFCSTI65;Av. Vitacura 456, Vitacura, Santiago;13132
Ignacio Perry;Ignacio.Perry@bbdduc.utopia;56986797679;UWQDSMVC92;Av. Colon 456, Antofagasta;2101
Ignacio Perry;Ignacio.Perry@bbdduc.utopia;56986797679;UWQDSMVC92;Calle Estado 123, Santiago Centro;13101
Ignacio Perry;Ignacio.Perry@bbdduc.utopia;56986797679;UWQDSMVC92;Calle Estado 456, Santiago Centro;13101
Javier Arias;Javier.Arias@bbdduc.utopia;56952403273;GFIMBFZC49;Calle Estado 456, Santiago Centro;13101
Javier Arias;Javier.Arias@bbdduc.utopia;56952403273;GFIMBFZC49;Calle Estado 789, Santiago Centro;13101
Javier Arias;Javier.Arias@bbdduc.utopia;56952403273;GFIMBFZC49;Av. Vitacura 456, Vitacura, Santiago;13132
Javier Madrid;Javier.Madrid@bbdduc.utopia;56983532648;DMKHRKER16;Av. Colon 123, Antofagasta;2101
Javier Madrid;Javier.Madrid@bbdduc.utopia;56983532648;DMKHRKER16;Av. Apoquindo 123, Las Condes, Santiago;13114
Javier Madrid;Javier.Madrid@bbdduc.utopia;56983532648;DMKHRKER16;Av. OHiggins 789, Rancagua;6101
Jesus Estremadoyro;Jesus.Estremadoyro@bbdduc.utopia;56939814656;DVROGVPU77;Av. Grecia 123, Nunoa, Santiago;13120
Jesus Estremadoyro;Jesus.Estremadoyro@bbdduc.utopia;56939814656;DVROGVPU77;Av. Grecia 123, Nunoa, Santiago;13120
Jesus Ramirez;Jesus.Ramirez@bbdduc.utopia;56971637154;JXNQYATQ93;Av. Las Condes 123, Las Condes, Santiago;13114
Jesus Valera;Jesus.Valera@bbdduc.utopia;56982456563;OVQGTEMW63;Calle Prat 789, Iquique;1101
Jesus Valera;Jesus.Valera@bbdduc.utopia;56982456563;OVQGTEMW63;Calle Padre Mariano 789, La Reina, Santiago;13113
Jesus Valera;Jesus.Valera@bbdduc.utopia;56982456563;OVQGTEMW63;Av. Apoquindo 123, Las Condes, Santiago;13114
Jose Castelblanco;Jose.Castelblanco@bbdduc.utopia;56959584691;GAXLWWAD31;Calle San Antonio 123, San Antonio;5601
Jose Castelblanco;Jose.Castelblanco@bbdduc.utopia;56959584691;GAXLWWAD31;Av. Vitacura 123, Vitacura, Santiago;13132
Jose Dauber;Jose.Dauber@bbdduc.utopia;56972922150;EPYMMUCO73;Calle Prat 789, Iquique;1101
Jose Dauber;Jose.Dauber@bbdduc.utopia;56972922150;EPYMMUCO73;Av. Apoquindo 789, Las Condes, Santiago;13114
Jose Dauber;Jose.Dauber@bbdduc.utopia;56972922150;EPYMMUCO73;Av. Apoquindo 456, Las Condes, Santiago;13114
Jose Dauber;Jose.Dauber@bbdduc.utopia;56972922150;EPYMMUCO73;Calle Estado 789, Santiago Centro;13101
Jose Dauber;Jose.Dauber@bbdduc.utopia;56972922150;EPYMMUCO73;Av. Vitacura 789, Vitacura, Santiago;13132
Jose Oyaneder;Jose.Oyaneder@bbdduc.utopia;56980474851;TACUHRPE11;Calle Maintencion 123, Maintencillo;5602
Jose Oyaneder;Jose.Oyaneder@bbdduc.utopia;56980474851;TACUHRPE11;Calle San Antonio 789, San Antonio;5601
Kay Zalaquett;Kay.Zalaquett@bbdduc.utopia;56996240470;UOALFPLA39;Av. Colon 456, Antofagasta;2101
Kay Zalaquett;Kay.Zalaquett@bbdduc.utopia;56996240470;UOALFPLA39;Calle Maintencion 123, Maintencillo;5602
Kay Zalaquett;Kay.Zalaquett@bbdduc.utopia;56996240470;UOALFPLA39;Av. San Jose Maria Escriva de Balaguer 5970, Vitacura, Santiago;13132
Macarena Galleguillos;Macarena.Galleguillos@bbdduc.utopia;56971256145;LXPQGWTC28;Calle Prat 123, Iquique;1101
Macarena Galleguillos;Macarena.Galleguillos@bbdduc.utopia;56971256145;LXPQGWTC28;Av. Larrain 123, La Reina, Santiago;13113
Macarena Galleguillos;Macarena.Galleguillos@bbdduc.utopia;56971256145;LXPQGWTC28;Av. Grecia 123, Nunoa, Santiago;13120
Macarena Lungenstrass;Macarena.Lungenstrass@bbdduc.utopia;56946043276;BASRVYEE88;Av. Las Condes 789, Las Condes, Santiago;13114
Macarena Lungenstrass;Macarena.Lungenstrass@bbdduc.utopia;56946043276;BASRVYEE88;Calle San Antonio 789, San Antonio;5601
Macarena Lungenstrass;Macarena.Lungenstrass@bbdduc.utopia;56946043276;BASRVYEE88;Av. Alemania 456, Temuco;9101
Macarena Martinez;Macarena.Martinez@bbdduc.utopia;56920471929;BNTJIEYK56;Av. Apoquindo 456, Las Condes, Santiago;13114
Macarena Martinez;Macarena.Martinez@bbdduc.utopia;56920471929;BNTJIEYK56;Calle Larga 123, Los Andes;5301
Macarena Saldana;Macarena.Saldana@bbdduc.utopia;56992987026;KRRIIOSP80;Calle Viel 456, Vina del Mar;5109
Nicolas Ayala;Nicolas.Ayala@bbdduc.utopia;56980151108;IXGVNCAN75;Av. Las Condes 456, Las Condes, Santiago;13114
Nicolas Ayala;Nicolas.Ayala@bbdduc.utopia;56980151108;IXGVNCAN75;Av. Apoquindo 456, Las Condes, Santiago;13114
Nicolas Ayala;Nicolas.Ayala@bbdduc.utopia;56980151108;IXGVNCAN75;Calle Estado 456, Santiago Centro;13101
Nicolas Ayala;Nicolas.Ayala@bbdduc.utopia;56980151108;IXGVNCAN75;Av. Vitacura 123, Vitacura, Santiago;13132
Nicolas Crisosto;Nicolas.Crisosto@bbdduc.utopia;56954244905;MLDFFUNI26;Calle Prat 123, Iquique;1101
Nicolas Crisosto;Nicolas.Crisosto@bbdduc.utopia;56954244905;MLDFFUNI26;Calle Maintencion 789, Maintencillo;5602
Nicolas Crisosto;Nicolas.Crisosto@bbdduc.utopia;56954244905;MLDFFUNI26;Av. Grecia 789, Nunoa, Santiago;13120
Nicolas Crisosto;Nicolas.Crisosto@bbdduc.utopia;56954244905;MLDFFUNI26;Calle Estado 123, Santiago Centro;13101
Nicolas Crisosto;Nicolas.Crisosto@bbdduc.utopia;56954244905;MLDFFUNI26;Av. Alemania 456, Temuco;9101
Nicolas Crisosto;Nicolas.Crisosto@bbdduc.utopia;56954244905;MLDFFUNI26;Av. Vitacura 456, Vitacura, Santiago;13132
Nicolas Munoz;Nicolas.Munoz@bbdduc.utopia;56920134472;WLZIRQFV21;Calle Larga 789, Los Andes;5301
Nicolas Munoz;Nicolas.Munoz@bbdduc.utopia;56920134472;WLZIRQFV21;Calle San Antonio 456, San Antonio;5601
Nicolas Munoz;Nicolas.Munoz@bbdduc.utopia;56920134472;WLZIRQFV21;Calle Estado 456, Santiago Centro;13101
Nicolas Munoz;Nicolas.Munoz@bbdduc.utopia;56920134472;WLZIRQFV21;Calle Estado 789, Santiago Centro;13101
Nicolas Munoz;Nicolas.Munoz@bbdduc.utopia;56920134472;WLZIRQFV21;Av. Vitacura 789, Vitacura, Santiago;13132
Nicolas Plaza;Nicolas.Plaza@bbdduc.utopia;56948382969;OCDLAPZJ78;Calle Prat 456, Iquique;1101
Nicolas Plaza;Nicolas.Plaza@bbdduc.utopia;56948382969;OCDLAPZJ78;Av. Apoquindo 123, Las Condes, Santiago;13114
Nicolas Plaza;Nicolas.Plaza@bbdduc.utopia;56948382969;OCDLAPZJ78;Av. Grecia 456, Nunoa, Santiago;13120
Nicolas Plaza;Nicolas.Plaza@bbdduc.utopia;56948382969;OCDLAPZJ78;Av. OHiggins 789, Rancagua;6101
Nicolas Tromilen;Nicolas.Tromilen@bbdduc.utopia;56951649872;QFTYSBDZ60;Av. Colon 123, Antofagasta;2101
Nicolas Zambrano;Nicolas.Zambrano@bbdduc.utopia;56931050629;JRJKHATM77;Av. Colon 123, Antofagasta;2101
Nicolas Zambrano;Nicolas.Zambrano@bbdduc.utopia;56931050629;JRJKHATM77;Av. Lientur 123, Los Andes;5301
Nicolas Zambrano;Nicolas.Zambrano@bbdduc.utopia;56931050629;JRJKHATM77;Av. Grecia 456, Nunoa, Santiago;13120
Ozzy Baldini;Ozzy.Baldini@bbdduc.utopia;56918496384;AZOILMWX26;Calle San Antonio 123, San Antonio;5601
Ozzy Baldini;Ozzy.Baldini@bbdduc.utopia;56918496384;AZOILMWX26;Calle Estado 456, Santiago Centro;13101
Ozzy Baldini;Ozzy.Baldini@bbdduc.utopia;56918496384;AZOILMWX26;Calle Estado 456, Santiago Centro;13101
Ozzy Baldini;Ozzy.Baldini@bbdduc.utopia;56918496384;AZOILMWX26;Av. Alemania 456, Temuco;9101
Pablo Gonzalez;Pablo.Gonzalez@bbdduc.utopia;56933287960;SEOEKWGH27;Av. Grecia 123, Nunoa, Santiago;13120
Pablo Montes;Pablo.Montes@bbdduc.utopia;56969486380;BEWIQTMP31;Calle Maintencion 123, Maintencillo;5602
Pablo Montes;Pablo.Montes@bbdduc.utopia;56969486380;BEWIQTMP31;Av. Alemania 456, Temuco;9101
Pablo Montes;Pablo.Montes@bbdduc.utopia;56969486380;BEWIQTMP31;Calle Viel 123, Vina del Mar;5109
Pablo Muse;Pablo.Muse@bbdduc.utopia;56914065203;EPCCYMCA16;Av. Apoquindo 456, Las Condes, Santiago;13114
Pablo Muse;Pablo.Muse@bbdduc.utopia;56914065203;EPCCYMCA16;Calle Estado 789, Santiago Centro;13101
Pablo Muse;Pablo.Muse@bbdduc.utopia;56914065203;EPCCYMCA16;Av. Alemania 123, Temuco;9101
"Pablo O
Ryan";Pablo.ORyan@bbdduc.utopia;56942270623;HKUQYNXP23;Av. Colon 789, Antofagasta;2101
"Pablo O
Ryan";Pablo.ORyan@bbdduc.utopia;56942270623;HKUQYNXP23;Av. Apoquindo 456, Las Condes, Santiago;13114
"Pablo O
Ryan";Pablo.ORyan@bbdduc.utopia;56942270623;HKUQYNXP23;Av. Grecia 789, Nunoa, Santiago;13120
"Pablo O
Ryan";Pablo.ORyan@bbdduc.utopia;56942270623;HKUQYNXP23;Av. OHiggins 456, Rancagua;6101
Paz Arancibia;Paz.Arancibia@bbdduc.utopia;56921118683;BKWCYKGL53;Calle Prat 789, Iquique;1101
Paz Arancibia;Paz.Arancibia@bbdduc.utopia;56921118683;BKWCYKGL53;Calle Prat 123, Iquique;1101
Paz Arancibia;Paz.Arancibia@bbdduc.utopia;56921118683;BKWCYKGL53;Av. Apoquindo 123, Las Condes, Santiago;13114
Paz Egnem;Paz.Egnem@bbdduc.utopia;56998928895;EBTDEAAF69;Calle Larga 789, Los Andes;5301
Pedro Correa;Pedro.Correa@bbdduc.utopia;56970405475;OWVATYES35;Calle San Antonio 123, San Antonio;5601
Pedro Correa;Pedro.Correa@bbdduc.utopia;56970405475;OWVATYES35;Calle Viel 456, Vina del Mar;5109
Pedro Correa;Pedro.Correa@bbdduc.utopia;56970405475;OWVATYES35;Av. Vitacura 123, Vitacura, Santiago;13132
Renasco Quezada;Renasco.Quezada@bbdduc.utopia;56945242595;SXEOAWVW31;Calle Prat 789, Iquique;1101
Renasco Quezada;Renasco.Quezada@bbdduc.utopia;56945242595;SXEOAWVW31;Calle Estado 123, Santiago Centro;13101
Robinson Hermosilla;Robinson.Hermosilla@bbdduc.utopia;56962202135;KZJMIZVJ61;Calle Prat 123, Iquique;1101
Robinson Hermosilla;Robinson.Hermosilla@bbdduc.utopia;56962202135;KZJMIZVJ61;Av. Vitacura 456, Vitacura, Santiago;13132
Rovira Gonzalez;Rovira.Gonzalez@bbdduc.utopia;56925740912;BOEMYKTJ59;Calle San Antonio 123, San Antonio;5601
Rovira Gonzalez;Rovira.Gonzalez@bbdduc.utopia;56925740912;BOEMYKTJ59;Av. Vitacura 123, Vitacura, Santiago;13132
Santiago Garcia;Santiago.Garcia@bbdduc.utopia;56952755951;MEJRJSPC60;Calle Larga 456, Los Andes;5301
Sayen Reyes;Sayen.Reyes@bbdduc.utopia;56979276556;HEEDUDUV45;Av. Colon 789, Antofagasta;2101
Sayen Reyes;Sayen.Reyes@bbdduc.utopia;56979276556;HEEDUDUV45;Av. OHiggins 789, Rancagua;6101
Sebastian Salazar;Sebastian.Salazar@bbdduc.utopia;56927343422;QLDRKWWJ56;Av. Colon 123, Antofagasta;2101
Sebastian Salazar;Sebastian.Salazar@bbdduc.utopia;56927343422;QLDRKWWJ56;Calle Maintencion 123, Maintencillo;5602
Sebastian Salazar;Sebastian.Salazar@bbdduc.utopia;56927343422;QLDRKWWJ56;Av. Vitacura 789, Vitacura, Santiago;13132
Segundo Collinao;Segundo.Collinao@bbdduc.utopia;56939259756;ONPBOBAR98;Calle Maintencion 456, Maintencillo;5602
Segundo Collinao;Segundo.Collinao@bbdduc.utopia;56939259756;ONPBOBAR98;Av. Grecia 456, Nunoa, Santiago;13120
Segundo Collinao;Segundo.Collinao@bbdduc.utopia;56939259756;ONPBOBAR98;Calle San Antonio 123, San Antonio;5601
Segundo Collinao;Segundo.Collinao@bbdduc.utopia;56939259756;ONPBOBAR98;Av. Vitacura 123, Vitacura, Santiago;13132
Segundo Collinao;Segundo.Collinao@bbdduc.utopia;56939259756;ONPBOBAR98;Av. Vitacura 789, Vitacura, Santiago;13132
Silva Intyre;Silva.Intyre@bbdduc.utopia;56953891586;BGOWKXFT67;Av. Grecia 123, Nunoa, Santiago;13120
Sofia Tapia;Sofia.Tapia@bbdduc.utopia;56991500199;WSDRDBYE73;Calle Viel 456, Vina del Mar;5109
Yan Zhong;Yan.Zhong@bbdduc.utopia;56979322678;ZCBBYWIL90;Calle San Antonio 789, San Antonio;5601
Yan Zhung;Yan.Zhung@bbdduc.utopia;56979322678;ZCBBYWIL90;Av. Apoquindo 123, Las Condes, Santiago;13114
Yerhov Silberberg;Yerhov.Silberberg@bbdduc.utopia;56958595412;XXQOOUHA71;Av. Colon 123, Antofagasta;2101
Yerhov Silberberg;Yerhov.Silberberg@bbdduc.utopia;56958595412;XXQOOUHA71;Av. Apoquindo 123, Las Condes, Santiago;13114
Yerhov Silberberg;Yerhov.Silberberg@bbdduc.utopia;56958595412;XXQOOUHA71;Av. Lientur 123, Los Andes;5301
Yerhov Silberberg;Yerhov.Silberberg@bbdduc.utopia;56958595412;XXQOOUHA71;Av. Grecia 123, Nunoa, Santiago;13120
Yerhov Silberberg;Yerhov.Silberberg@bbdduc.utopia;56958595412;XXQOOUHA71;Av. OHiggins 456, Rancagua;6101
Yerhov Silberberg;Yerhov.Silberberg@bbdduc.utopia;56958595412;XXQOOUHA71;Av. OHiggins 456, Rancagua;6101
Yerhov Silberberg;Yerhov.Silberberg@bbdduc.utopia;56958595412;XXQOOUHA71;Calle San Antonio 789, San Antonio;5601
Yerhov Silberberg;Yerhov.Silberberg@bbdduc.utopia;56958595412;XXQOOUHA71;Calle Estado 789, Santiago Centro;13101